id,claim,type,verifier,status
CM1,"STAR reports ~250x time savings and 2x space savings vs ""a fixed-connectivity, fully fault-tolerant scheme"" (arXiv:2509.18294; PRX Quantum 7, 020343, 2026)",CITE,"primary-source fetch 2026-07-17, see expedition/SCOUTING_LEDGER.md",VERIFIED
CM2,"Heterogeneous NA/SC architecture reports 752x speedup vs NA-only baselines and >10x fewer qubits vs SC-only systems (arXiv:2601.10144)",CITE,"primary-source fetch 2026-07-17, see expedition/SCOUTING_LEDGER.md",VERIFIED
CM3,"Architecture reports 138x fewer physical qubits ""under detailed accounting"" (arXiv:2604.06319)",CITE,"primary-source fetch 2026-07-17, see expedition/SCOUTING_LEDGER.md",VERIFIED
CM4,"High-rate STAR reports 20-40x space-time cost reduction vs the previous best-in-class STAR architecture (arXiv:2606.25011)",CITE,"primary-source fetch 2026-07-17, see expedition/SCOUTING_LEDGER.md",VERIFIED
CM5,"Tour de Gross reports ~10x qubit efficiency vs equivalent surface-code architectures (arXiv:2506.03094)",CITE,"primary-source fetch 2026-07-17, see expedition/SCOUTING_LEDGER.md",VERIFIED
CM6,"Routing codes report ~8x overhead reduction vs the surface code at equal logical error (arXiv:2606.25330)",CITE,"primary-source fetch 2026-07-17, see expedition/SCOUTING_LEDGER.md",VERIFIED
CX0,"Exhibit 0: the ""roughly 1,500 to 3,000 qubits"" figure circulating in trade coverage of arXiv:2509.18294 does not appear anywhere in the paper, which states ~10,000 physical qubits at p=1e-3",CITE,"full-text fetch 2026-07-17 (arXiv:2509.18294), see expedition/SCOUTING_LEDGER.md",VERIFIED
CR1,"Logical-qubit leaderboard (QuEra 96 from 448; Quantinuum 48 from 98; Atom Computing 24; Google 1 below-threshold on Willow) inherited from aggregators and the map dossier, not verified against primary sources",REPORTED,"per-platform chapters (Ch2-Ch7)",REPORTED
CB1,"B1: by 2027-12-31, at least one public hardware demonstration (not simulation) of a two-qubit logical gate on a qLDPC code with encoding rate >= 1/2 (threshold raised from >= 1/4 pre-registration; see §05 registration note)",FORECAST,signpost 2027-12-31,OPEN-UNVERIFIED
CB2,"B2: conditional on B1 resolving TRUE, the platform of that first demonstration is neutral atoms",FORECAST,signpost 2027-12-31,OPEN-UNVERIFIED
CB3,"B3: by 2026-12-31, IBM publicly reports Kookaburra operating as a qLDPC memory with a logical processing unit, per its stated 2026 roadmap",FORECAST,signpost 2026-12-31,OPEN-UNVERIFIED
CN1,"Ch2 loss mechanism (a) vacuum-limited lifetime: ~60 s typical; 22.9(1) min room-temperature record; ~3000 s and ~2 h in cryogenic platforms (arXiv:2403.12021; Nature 646 1075 2025 / arXiv:2506.20660; arXiv:2412.09780; arXiv:2607.12988)",CITE,"primary-source fetch 2026-07-17",VERIFIED
CN2,"Ch2 loss mechanism (b) trap heating: measured 1.1(1)x10^-4 atom loss per cooling pulse in a cryogenic system (arXiv:2412.09780)",CITE,"primary-source fetch 2026-07-17",VERIFIED
CN3,"Ch2 loss mechanism (c) imaging loss spans ~1.5% per image (ytterbium) down to 99.98952(1)% survival per 80-ms image (Quantum Sci. Technol. 10.1088/2058-9565/adf7cf; arXiv:2403.12021)",CITE,"primary-source fetch 2026-07-17",VERIFIED
CN4,"Ch2 loss mechanism (d) Rydberg gate toll: metastable-ytterbium two-qubit gate at 0.980(1) fidelity with mid-circuit erasure conversion (Nature 622 279 2023 / arXiv:2305.05493)",CITE,"primary-source fetch 2026-07-17",VERIFIED
CN5,"Ch2 loss mechanism (e) transport loss priced as an explicit channel p_move,loss in the transversal STAR architecture (arXiv:2509.18294)",CITE,"primary-source fetch 2026-07-17",VERIFIED
CX2,"Ch2 section 07 absence claim: to our knowledge, no published recosting of a headline neutral-atom architecture claim across the loss-treatment range exists",NOVEL,"prior-art search 2026-07-17",TO-OUR-KNOWLEDGE
CP1,"Ch2 section 07 registered campaign: re-simulate a transversal-architecture logical operation at fixed physical error budget under three loss treatments (unheralded Pauli-Y / end-of-round delayed erasure / idealised immediate erasure) and report logical error rate and resource-multiplier sensitivity; committed artifacts, no result asserted",CAMPAIGN,"canonical artifacts bde5a86; results: expedition/PREREG_1_RESULTS.md",OPEN-UNVERIFIED
CB4,"B4: by 2027-12-31, a hardware experiment demonstrates repeated QEC rounds on at least one logical qubit while lost atoms are replaced mid-experiment by continuous or mid-circuit reloading (logical lifetime not bounded by the single-atom trap lifetime)",FORECAST,signpost 2027-12-31,OPEN-UNVERIFIED
CE1,"E1 (PREREG-1 sec 4): at loss share >= 50% and d=5, unheralded STAR-style T1 overprices logical error vs immediate erasure T3 by R31 = LER(T1)/LER(T3) >= 2; registered ~70% (AI-drafted, author-delegated 2026-07-17). Resolved FALSE and inverted: R31 = 0.95 [0.63, 1.26] at d=5 share 0.50, threshold 2 excluded",FORECAST,"PREREG_1_RESULTS.md sec 1",SCORED-FAILED 2026-07-19
CS1,"Ch3 Willow (Google, Nature 638 920-926 2025 / arXiv:2408.13687): two surface-code memories below threshold; Lambda = 2.14 +/- 0.02 per distance step; 101-qubit distance-7 code at 0.143% +/- 0.003% per cycle; beyond break-even 2.4 +/- 0.3x; real-time decoder 63 us average latency over 1e6 cycles of 1.1 us; correlated events ~once/hour (~3e9 cycles) at distance 29",CITE,"primary-source fetch 2026-08-24",VERIFIED
CS2,"Ch3 cryogenic wiring accounting (Krinner et al., arXiv:1806.07862): a 50-qubit processor with individual drive+flux and multiplexed readout needs 124 RF lines (~2.5/qubit) at 14 mK; extendable to ~150 qubits only if coaxial-line density tripled; 6-7 qubits per readout line",CITE,"full-text fetch 2026-08-24",VERIFIED
CS3,"Ch3 all-optical I/O demo (Pan et al., arXiv:2512.21199): control AND readout of multiple superconducting qubits via optical photons only; frequency-multiplexed optical readout of two qubits through a traveling-wave Brillouin microwave-to-optical transducer; single-qubit gate fidelity only 0.19% below microwave, no measurable coherence degradation",CITE,"primary-source fetch 2026-08-24",VERIFIED
CS4,"Ch3 cryo-CMOS control power (arXiv:2509.25768): demonstrated cryogenic-CMOS controllers dissipate a few milliwatts per qubit at the 4 K stage",CITE,"primary-source fetch 2026-08-24",VERIFIED
CS5,"Ch3 helium-3 supply constraint (arXiv:2512.15001, Dec 2025 review): ~20 litres per dilution unit; naive linear scaling to 100,000-qubit systems would demand large fractions of the yearly world helium-3 production",CITE,"primary-source fetch 2026-08-24",VERIFIED
CB5,"B5: by 2028-06-30, a hardware experiment demonstrates >= 20 superconducting qubits whose control AND readout both reach room temperature via shared or optical I/O (zero dedicated per-qubit coax) at two-qubit gate fidelity >= 99% on the same device",FORECAST,signpost 2028-06-30,OPEN-UNVERIFIED
CI1,"Ch4 Helios fidelities (Quantinuum/Sandia, Nature 655 81-86 2026 / arXiv:2511.05465): 98-qubit barium-137 QCCD, all-to-all; average infidelities single-qubit 2.5(1)e-5, two-qubit 7.9(2)e-4, SPAM 3.3(5)e-4, none stated fundamentally limited",CITE,"primary-source fetch 2026-08-24",VERIFIED
CI2,"Ch4 QCCD runtime split (IonQ technical blog 2025-10-21, describing a published QCCD demonstration record): quantum gate pulses ~2% of system runtime, ion movement ~27%, cooling ~68%",CITE,"primary-source fetch 2026-08-24",VERIFIED
CI3,"Ch4 exchange cooling (Nature Communications 15 1089 2024 / arXiv:2309.02581): full transport in 107 us, an order of magnitude faster than typical sympathetic cooling, removing over 96% (as many as 102(5) quanta) of axial motional energy",CITE,"primary-source fetch 2026-08-24",VERIFIED
CI4,"Ch4 matter-link modularity (Nature Communications 14 531 2023): chip-to-chip ion transfer at 2,424 per second with transport-loss infidelity below 7e-8 and no measurable phase-coherence impact",CITE,"primary-source fetch 2026-08-24",VERIFIED
CI5,"Ch4 distributed QC (Nature 638 383-388 2025 / arXiv:2407.00835): two ion modules ~2 m apart; teleported controlled-Z gate at 86% fidelity and Grover's search across modules at 71% success",CITE,"primary-source fetch 2026-08-24",VERIFIED
CB6,"B6: by 2028-06-30, a trapped-ion experiment demonstrates a complete QEC cycle (full syndrome-extraction round on >= 1 error-corrected logical qubit, including all required transport and cooling) with total wall-clock time <= 100 microseconds",FORECAST,signpost 2028-06-30,OPEN-UNVERIFIED
CIN1,"Ch4 precision note (renamed from requested CN1 to avoid collision with the existing Ch2 CN1): the Helios 48/98 iceberg result is encoding rate 0.49 < 1/2 and iceberg codes are not LDPC, so bets B1/B2 are unaffected",OPEN,"CH4 sec 03",OPEN
CPH1,"Ch5 Omega fidelity suite (PsiQuantum, Nature 641 876-883 2025 / arXiv:2404.17570): dual-rail SPAM 99.98+/-0.01%, interference visibility 99.5%, two-qubit fusion 99.22+/-0.12%, chip-to-chip interconnect 99.72+/-0.04% over 42 m fiber. Caveat, two public versions quoted separately: published Nature abstract says these are ""conditional on photon detection and not accounting for loss""; arXiv v1 abstract says only ""not accounting for loss"" (CPH-prefix used because CP is taken by the Ch2 campaign row)",CITE,"Nature 641 876-883 (2025) abstract / arXiv:2404.17570, verified 2026-08-24",VERIFIED
CPH2,"Ch5 Omega component loss ledger: SiN waveguides 0.5+/-0.3 dB/m; photon-number-resolving detectors 98.9% median efficiency; barium-titanate switching 0.33 dB.V; edge couplers 52+/-12 mdB (~1.2%). The Nature abstract names this next-generation suite (primary); the specific figures are reproduced from the paper body in technical coverage (coverage grade)",CITE,"Nature 641 abstract names the suite (primary); specific figures via technical coverage, 2026-08-24",VERIFIED
CPH3,"Ch5 Aurora system (Xanadu, Nature 638 2025): 12 qubits across 35 photonic chips in four server racks, interconnected by 13 km of optical fiber, at room temperature, running real-time measurement-based error-correction decoding on GKP-encoded qubits",CITE,"Nature 638 (2025) abstract, verified 2026-08-24",VERIFIED
CPH4,"Ch5 status: as of the March 2026 survey framing, no photonic platform has demonstrated a below-threshold logical qubit; Aurora's 12 error-decoded GKP qubits are the closest approach and are above (worse than) threshold",REPORTED,"tracker/survey standard (secondary), 2026-08-24",REPORTED
CB7,"B7: by 2028-12-31, a photonic platform publicly reports optical GKP states generated on an integrated (on-chip) platform whose measured quality the publishing team itself states to be at or below the relevant fault-tolerance threshold of its stated architecture",FORECAST,signpost 2028-12-31,OPEN-UNVERIFIED
CSI1,"Ch6 silicon-spin unit cell (Diraq/imec, arXiv:2410.15590 / Nature Sept 2025): 300mm CMOS unit cells with 1-qubit, 2-qubit and SPAM fidelities all above 99% (readout above 99.9%) across four two-qubit devices from one wafer; coherence T2*=30.4us, Hahn T2=803us, T1=6.3s; gate pitch under 100nm; residual 400ppm silicon-29",CITE,"primary-source fetch 2026-08-24 (arXiv:2410.15590 abstract; pitch and 400ppm are body detail)",VERIFIED
CSI2,"Ch6 silicon error detection (Zhang et al., arXiv:2509.24766 / Nature Electronics 2026): four phosphorus nuclear-spin qubits plus one electron ancilla detect an arbitrary single-qubit error in a surface-code-detection primitive; GHZ 88.5(2.3)%; errors measured strongly biased with an absence of state leakage, which the authors say call for tailored QEC codes",CITE,"primary-source fetch 2026-08-24 (arXiv:2509.24766 abstract for GHZ/biased; leakage/tailored wording in main text)",VERIFIED
CSI3,"Ch6 universal logical operations in silicon (Zhang et al., Nature Nanotechnology 2026, doi 10.1038/s41565-026-02140-1): five phosphorus nuclear spins encode two logical qubits via the [[4,2,2]] error-detecting code with a universal logical gate set (incl. non-Clifford T) and distillable magic states",CITE,"Nature Nanotechnology (2026) via published record and coverage, 2026-08-24 (journal page paywalled, per Ch5 precedent)",VERIFIED
CSI4,"Ch6 array status: largest foundry-fabricated silicon spin qubit array is 8 qubits (Diraq/imec, Nature Communications July 2026); Intel Tunnel Falls is a 12-qubit chip on its D1 line — both well below rival platforms' 98-6100 physical qubits",REPORTED,"vendor and secondary coverage, 2026-08-24",REPORTED
CB8,"B8: by 2028-12-31, a silicon spin platform publicly demonstrates repeated stabilizer-based QEC (at least two full syndrome-extraction rounds with mid-circuit measurement on the same encoded logical qubit) on a device fabricated in an industrial 300mm or equivalent production-line process",FORECAST,signpost 2028-12-31,OPEN-UNVERIFIED
CSIN1,"Ch6 Chapter-1 inheritance update: Ch1's 'no error-corrected logical qubit exists on this platform yet' is now one rung stale — error-DETECTED logical qubits with universal operations exist in silicon since March 2026 (CSI2, CSI3), but error-CORRECTED / beyond-breakeven logical qubits still do not",OPEN,"CH6 sec 03/07",OPEN
CT1,"Ch7 topological flagship (Microsoft Quantum, Nature 638 651-655 2025, doi 10.1038/s41586-024-08445-2): interferometric single-shot parity measurement in InAs-Al hybrid devices; quantum-capacitance shift up to 1 fF; SNR of 1 in 3.6 us; dwell time >1 ms at in-plane fields near 2 T; parity assignment error probability 1%",CITE,primary-source fetch 2026-08-24,VERIFIED
CT2,Ch7 version divergence: arXiv:2401.09549v1 abstract says the results are consistent with fermion parity encoded in a pair of Majorana zero modes ~3 um apart; the published Nature 638 651-655 abstract deletes that sentence and instead discusses interpretation in terms of both topologically trivial and non-trivial origins (SNR also reads 3.7 us in preprint vs 3.6 us published),CITE,both versions fetched 2026-08-24,VERIFIED
CT3,Ch7 journal editorial note: the Nature peer-review file for doi 10.1038/s41586-024-08445-2 states that the results in this manuscript do not represent evidence for the presence of Majorana zero modes in the reported devices,CITE,"peer-review file (primary); verbatim quotation via Physics World 2025-02-25, independently corroborated by APS Physics (physics.aps.org/articles/v18/68) reporting the same editorial note; direct retrieval of the peer-review file attempted 2026-08-25 and blocked (robots-disallowed at the publisher static host); coverage-grade retrieval of an evidentiary source, per Ch5 precedent; no Ch7 claim rests on this row alone - CT4 and CT5 carry the same point at peer-reviewed grade",VERIFIED
CT4,"Ch7 peer-reviewed challenge (Legg, Nature 654 E22-E26 2026, doi 10.1038/s41586-026-10567-8, published 2026-06-24): Matters Arising arguing trivial states can mimic the signatures, that the topological gap protocol's verdict depends on data-processing choices rather than device properties, and that the regions where parity readout was performed appear gapless and highly disordered in public transport data",CITE,primary-source fetch 2026-08-24,VERIFIED
CT5,"Ch7 peer-reviewed reply (Microsoft Quantum, Nature 654 E27-E28 2026, doi 10.1038/s41586-026-10568-7, published 2026-06-24): maintains the flux-periodic interferometric signal strongly indicates a topological origin, states that the analysis of the CQ measurements does not assume the existence of a gap, and argues a gapless system could not sustain the observed periodic signal",CITE,primary-source fetch 2026-08-24,VERIFIED
CT6,"Ch7 newest topological hardware (Zimmerman et al., Microsoft Quantum, arXiv:2606.03884, submitted 2026-06-02, PREPRINT unrefereed): InAs-Pb tetron; rf technique resolving wire-end states to ueV precision; one device brought up inside a multi-tetron array; characteristic parity switching time ~20 s with some instances minute-scale, orders of magnitude above microsecond operation times",CITE,"primary-source fetch 2026-08-24 (preprint, labeled as such in place)",VERIFIED
CT7,"Ch7 topological device roadmap (Aasen et al., arXiv:2502.12252, PREPRINT unrefereed): four generations - single-qubit benchmarking, two-qubit measurement-based braiding for Cliffords, eight-qubit logical-qubit advantages, topological array with lattice surgery on two logical qubits. Document contents CITE-verified; targets are the authors' plan, not results",CITE,primary-source fetch 2026-08-24,VERIFIED
CT8,"Ch7 programme precedent: Zhang et al. 'Quantized Majorana conductance' Nature 556 74-79 (2018) retracted 2021-03-08 (Retraction Note, Nature 591 E30 2021, doi 10.1038/s41586-021-03373-x) - data in two figures unnecessarily corrected for charge jumps, one figure axis mislabeled, conductance ~8% above the claimed plateau after recalibration",CITE,primary-source fetch 2026-08-24,VERIFIED
CT9,"Ch7 trade-coverage figures and objections: topological gap ~70 ueV vs ~30 ueV earlier and parity lifetime ~22 s (coverage 2026-06-02); plotting filter hardcoded to the largest purportedly topological region and antisymmetrization on array index rather than physical bias value, with Microsoft calling the latter a minor off-by-one-pixel bug and standing by its results and roadmap (coverage 2026-06-24)",REPORTED,"secondary trade coverage, 2026-08-24",REPORTED
CT10,"Ch7 absence claim: as of 2026-08-24 the peer-reviewed record contains no topological qubit - no encoded qubit on which two non-commuting operations have been performed, and no quoted single-qubit error rate; the published record is a parity measurement plus a published dispute over its interpretation",OPEN,CH7 sec 03,OPEN
CC1,"Ch7 cat mechanism (Lescanne et al., Nature Physics 16 509-513 2020, doi 10.1038/s41567-020-0824-x): increasing phase-space separation gives an exponential decrease of the bit-flip rate while only linearly increasing the phase-flip rate; bit flips autonomously corrected so only phase flips remain for a one-dimensional code",CITE,primary-source fetch 2026-08-24,VERIFIED
CC2,"Ch7 cat single-qubit record (Reglade et al., Nature 629 778-783 2024, doi 10.1038/s41586-024-07294-3, arXiv:2307.06617): bit-flip times exceeding 10 s (four orders of magnitude over prior implementations), phase-flip times above 490 ns, quantum phase control without breaking bit-flip protection",CITE,primary-source fetch 2026-08-24,VERIFIED
CC3,"Ch7 cat logical qubit (Putterman et al., AWS/Caltech, Nature 638 927-934 2025, doi 10.1038/s41586-025-08642-7): cat qubits concatenated with an outer distance-5 repetition code and transmon ancillas; the phase-flip-correcting repetition code operates below threshold; logical bit-flip error suppressed with increasing cat mean photon number; minimum measured logical error per cycle 1.75(2)% for distance-3 sections and 1.65(3)% for the distance-5 code",CITE,primary-source fetch 2026-08-24,VERIFIED
CC4,"Ch7 repetition-cat architecture (Guillaud & Mirrahimi, Phys. Rev. X 9 041053 2019): a universal set of fully protected logical gates avoiding magic-state preparation, distillation and injection",CITE,publisher abstract fetch 2026-08-24,VERIFIED
CC5,"Ch7 cat costing (Gouzien, Ruiz, Le Regent, Guillaud, Sangouard, Phys. Rev. Lett. 131 040602 2023): 256-bit elliptic-curve discrete logarithm in 9 hours with 126,133 cat qubits, 19 average photons per cat state, 500 ns cycle, assuming a single-photon to two-photon loss ratio of 1e-5",CITE,publisher abstract fetch 2026-08-24,VERIFIED
CC6,"Ch7 biased-noise code work (Shanahan & Ruiz, 'Elevator Codes', arXiv:2601.10786, 2026-01-19, PREPRINT, theory and numerics only): 2D local construction beating rectangular surface and XZZX codes for noise bias at or above 7e4, cutting qubit overhead by over 50% at p_Z=1e-3 and bias 2e6 to reach logical error 1e-12",CITE,primary-source fetch 2026-08-24,VERIFIED
CC7,"Ch7 cat vendor position: Alice & Bob shipped Helium 2026-06-11 as an on-premise cat-qubit system; states 18 physical cat qubits per logical qubit and up to 200x overhead reduction vs transmon surface-code approaches, with the 18-qubit figure the company's own theoretical calculation not independently verified against shipped hardware; September 2025 preliminary single-qubit bit-flip lifetime 33-60 minutes at 95% confidence; roadmap of five generations to 100 logical qubits at 1e-6 by 2030, currently milestone 2 (one logical qubit at ~1e-2)",REPORTED,"vendor announcements, vendor roadmap and trade coverage, 2026-08-24",REPORTED
CC8,"Ch7 scaling comparison: Ocelot's logical error per cycle improved by a factor of about 1.06 across two code distances (1.75% at d=3 to 1.65% at d=5), against Willow's surface-code Lambda = 2.14 +/- 0.02 per single distance step (Google Quantum AI, Nature 638 920-926 2025). Different codes solving different halves of the problem; the comparison is of demonstrated suppression per unit of added distance only, with that caveat stated in place",OPEN,"CH7 sec 05, arithmetic on CC3 and the Willow figures",OPEN
CB9,"B9: by 2029-06-30, a peer-reviewed journal publication reports a topological (Majorana-based) qubit on which at least two non-commuting logical operations are performed on the same encoded qubit, with a quantitative error rate stated for at least one of them; preprints do not resolve it",FORECAST,signpost 2029-06-30,OPEN-UNVERIFIED
CB10,"B10: by 2028-12-31, a cat-qubit or comparable bosonic-plus-repetition platform publicly reports a logical qubit memory whose measured logical error per cycle improves by a factor of at least 2 between two code distances measured on the same device",FORECAST,signpost 2028-12-31,OPEN-UNVERIFIED
CTN1,"Ch7 Chapter-1 inheritance update: Ch1's REPORTED note that the flagship result's reviewers said it does not by itself evidence the Majorana modes is upgraded to CITE - it is the journal's own editorial note in the peer-review file (CT3) - and the dispute is now peer-reviewed in Nature on both sides (CT4, CT5). Ch1's cat framing is sharpened from a question into a measured baseline (CC8). Ch1's constraint choice for this pair, existence and extrapolation, survives unchanged (elaborated, not corrected)",OPEN,CH7 sec 08,OPEN
